{
  "rtime": {
    "sum": 37.15501093864441,
    "avg": 2.8580777645111084,
    "min": 0.10734319686889648,
    "p10": 0.2179419994354248,
    "median": 2.881261110305786,
    "p75": 4.023652076721191,
    "max": 5.770617961883545,
    "count": 13
  },
  "utime": {
    "sum": 10.448640999999999,
    "avg": 0.8037416153846153,
    "min": 0.052367000000000004,
    "p10": 0.082562,
    "median": 0.968726,
    "p75": 1.102729,
    "max": 1.277512,
    "count": 13
  },
  "stime": {
    "sum": 1.5576800000000002,
    "avg": 0.11982153846153848,
    "min": 0.010751,
    "p10": 0.011719999999999998,
    "median": 0.11718200000000001,
    "p75": 0.15693200000000002,
    "max": 0.26237900000000003,
    "count": 13
  },
  "cutime": {
    "sum": 15.484216,
    "avg": 1.1910935384615384,
    "min": 0.02139,
    "p10": 0.029095500000000003,
    "median": 1.047723,
    "p75": 1.425051,
    "max": 2.898651,
    "count": 13
  },
  "cstime": {
    "sum": 2.521154,
    "avg": 0.1939349230769231,
    "min": 0.015749,
    "p10": 0.019891,
    "median": 0.137267,
    "p75": 0.318707,
    "max": 0.50932,
    "count": 13
  },
  "minor_gb": {
    "sum": 3.149326369166374,
    "avg": 0.24225587455125955,
    "min": 0.03347183018922806,
    "p10": 0.03347919136285782,
    "median": 0.2782386839389801,
    "p75": 0.3204765096306801,
    "max": 0.42446333914995193,
    "count": 13
  },
  "promoted_gb": {
    "sum": 0.6324177086353302,
    "avg": 0.048647516048871554,
    "min": 0.0027281343936920166,
    "p10": 0.0027281343936920166,
    "median": 0.06188122183084488,
    "p75": 0.06586352735757828,
    "max": 0.07278209179639816,
    "count": 13
  },
  "major_gb": {
    "sum": 0.6433618813753128,
    "avg": 0.049489375490408674,
    "min": 0.0032591447234153748,
    "p10": 0.0032628029584884644,
    "median": 0.06279061734676361,
    "p75": 0.06684637069702148,
    "max": 0.07377492636442184,
    "count": 13
  },
  "allocated_gb": {
    "sum": 3.160270541906357,
    "avg": 0.2430977339927967,
    "min": 0.034002840518951416,
    "p10": 0.034013859927654266,
    "median": 0.2791859433054924,
    "p75": 0.3214593529701233,
    "max": 0.4254561737179756,
    "count": 13
  },
  "minor_collections": {
    "sum": 1050.0,
    "avg": 80.76923076923077,
    "min": 52.0,
    "p10": 52.0,
    "median": 86.0,
    "p75": 91.0,
    "max": 105.0,
    "count": 13
  },
  "major_collections": {
    "sum": 42.0,
    "avg": 3.230769230769231,
    "min": 1.0,
    "p10": 1.0,
    "median": 4.0,
    "p75": 4.0,
    "max": 4.0,
    "count": 13
  },
  "compactions": {
    "sum": 0.0,
    "avg": 0.0,
    "min": 0.0,
    "p10": 0.0,
    "median": 0.0,
    "p75": 0.0,
    "max": 0.0,
    "count": 13
  },
  "top_heap_gb": {
    "sum": 0.69342041015625,
    "avg": 0.05334003155048077,
    "min": 0.003662109375,
    "p10": 0.003662109375,
    "median": 0.06912994384765625,
    "p75": 0.06912994384765625,
    "max": 0.07950210571289062,
    "count": 13
  },
  "stack_kb": {
    "sum": 4.7734375,
    "avg": 0.3671875,
    "min": 0.3671875,
    "p10": 0.3671875,
    "median": 0.3671875,
    "p75": 0.3671875,
    "max": 0.3671875,
    "count": 13
  },
  "minor_heap_kb": {
    "sum": 106496.0,
    "avg": 8192.0,
    "min": 8192.0,
    "p10": 8192.0,
    "median": 8192.0,
    "p75": 8192.0,
    "max": 8192.0,
    "count": 13
  },
  "attributes_table": {
    "num_bindings": {
      "sum": 0.0,
      "avg": 0.0,
      "min": 0.0,
      "p10": 0.0,
      "median": 0.0,
      "p75": 0.0,
      "max": 0.0,
      "count": 13
    },
    "num_buckets": {
      "sum": 208.0,
      "avg": 16.0,
      "min": 16.0,
      "p10": 16.0,
      "median": 16.0,
      "p75": 16.0,
      "max": 16.0,
      "count": 13
    },
    "max_bucket_length": {
      "sum": 0.0,
      "avg": 0.0,
      "min": 0.0,
      "p10": 0.0,
      "median": 0.0,
      "p75": 0.0,
      "max": 0.0,
      "count": 13
    }
  }
}