{
  "rtime": 3.0269830226898193,
  "utime": 1.274904,
  "stime": 0.26237900000000003,
  "cutime": 1.063267,
  "cstime": 0.137267,
  "minor_gb": 0.37532636523246765,
  "promoted_gb": 0.06980348378419876,
  "major_gb": 0.07076430320739746,
  "allocated_gb": 0.37628718465566635,
  "minor_collections": 99,
  "major_collections": 4,
  "compactions": 0,
  "top_heap_gb": 0.07950210571289062,
  "stack_kb": 0.3671875,
  "minor_heap_kb": 8192.0,
  "attributes_table": {
    "num_bindings": 0,
    "num_buckets": 16,
    "max_bucket_length": 0
  }
}