{
  "rtime": 5.770617961883545,
  "utime": 0.958789,
  "stime": 0.1231,
  "cutime": 1.018654,
  "cstime": 0.13946,
  "minor_gb": 0.28029605746269226,
  "promoted_gb": 0.061977989971637726,
  "major_gb": 0.06294894218444824,
  "allocated_gb": 0.2812670096755028,
  "minor_collections": 86,
  "major_collections": 4,
  "compactions": 0,
  "top_heap_gb": 0.06912994384765625,
  "stack_kb": 0.3671875,
  "minor_heap_kb": 8192.0,
  "attributes_table": {
    "num_bindings": 0,
    "num_buckets": 16,
    "max_bucket_length": 0
  }
}