{
  "rtime": 4.023652076721191,
  "utime": 0.975119,
  "stime": 0.11718200000000001,
  "cutime": 2.581836,
  "cstime": 0.50932,
  "minor_gb": 0.2782386839389801,
  "promoted_gb": 0.061798058450222015,
  "major_gb": 0.06274531781673431,
  "allocated_gb": 0.2791859433054924,
  "minor_collections": 86,
  "major_collections": 4,
  "compactions": 0,
  "top_heap_gb": 0.06912994384765625,
  "stack_kb": 0.3671875,
  "minor_heap_kb": 8192.0,
  "attributes_table": {
    "num_bindings": 0,
    "num_buckets": 16,
    "max_bucket_length": 0
  }
}