{
  "rtime": 0.21829700469970703,
  "utime": 0.08179699999999999,
  "stime": 0.010751,
  "cutime": 0.030242,
  "cstime": 0.020889,
  "minor_gb": 0.03348550945520401,
  "promoted_gb": 0.0027281343936920166,
  "major_gb": 0.003266282379627228,
  "allocated_gb": 0.03402365744113922,
  "minor_collections": 52,
  "major_collections": 1,
  "compactions": 0,
  "top_heap_gb": 0.003662109375,
  "stack_kb": 0.3671875,
  "minor_heap_kb": 8192.0,
  "attributes_table": {
    "num_bindings": 0,
    "num_buckets": 16,
    "max_bucket_length": 0
  }
}